{
    "SFCnum":50,
    "SFCLen": [2,10],
	"numOfVNF": 8,
    "SFCs":
    [
       {
          "SFCId":0,
          "Source": -1,
          "Terminal": -1,
          "SFCReliability": 100,
          "VNFs":
          [
             {
                "VNFId":0,
                "VNFType":2,
                "MappedSNodeId": 7,
                "OutPutBandwidth": 50,
                "NeedCPU":15.64662,
				"IndexInFG": 5
             },
			 {
                "VNFId":0,
                "VNFType":0,
                "MappedSNodeId": 10,
                "OutPutBandwidth": 50,
                "NeedCPU":15.64662,
				"IndexInFG": 6
             },
			 {
                "VNFId":0,
                "VNFType":3,
                "MappedSNodeId": 11,
                "OutPutBandwidth": 50,
                "NeedCPU":15.64662,
				"IndexInFG": 3
             }
          ]
       },
	   {
          "SFCId":1,
          "Source": -1,
          "Terminal": -1,
          "SFCReliability": 100,
          "VNFs":
          [
             {
                "VNFId":0,
                "VNFType":7,
                "MappedSNodeId": 3,
                "OutPutBandwidth": 50,
                "NeedCPU":15.64662,
				"IndexInFG": 0
             },
			 {
                "VNFId":0,
                "VNFType":8,
                "MappedSNodeId": 6,
                "OutPutBandwidth": 50,
                "NeedCPU":15.64662,
				"IndexInFG": 1
             },
			 {
                "VNFId":0,
                "VNFType":6,
                "MappedSNodeId": 9,
                "OutPutBandwidth": 50,
                "NeedCPU":15.64662,
				"IndexInFG": 2
             },
			 {
                "VNFId":0,
                "VNFType":3,
                "MappedSNodeId": 11,
                "OutPutBandwidth": 50,
                "NeedCPU":15.64662,
				"IndexInFG": 3
             }
          ]
       },
	   {
          "SFCId":2,
          "Source": -1,
          "Terminal": -1,
          "SFCReliability": 100,
          "VNFs":
          [
             {
                "VNFId":0,
                "VNFType":8,
                "MappedSNodeId": 6,
                "OutPutBandwidth": 50,
                "NeedCPU":15.64662,
				"IndexInFG": 1
             },
			 {
                "VNFId":0,
                "VNFType":4,
                "MappedSNodeId": 5,
                "OutPutBandwidth": 50,
                "NeedCPU":15.64662,
				"IndexInFG": 4
             } 
          ]
       },
	   {
          "SFCId":3,
          "Source": -1,
          "Terminal": -1,
          "SFCReliability": 100,
          "VNFs":
          [
             {
                "VNFId":0,
                "VNFType":8,
                "MappedSNodeId": 6,
                "OutPutBandwidth": 50,
                "NeedCPU":15.64662,
				"IndexInFG": 1
             },
			 {
                "VNFId":0,
                "VNFType":2,
                "MappedSNodeId": 7,
                "OutPutBandwidth": 50,
                "NeedCPU":15.64662,
				"IndexInFG": 5
             },
			 {
                "VNFId":0,
                "VNFType":0,
                "MappedSNodeId": 10,
                "OutPutBandwidth": 50,
                "NeedCPU":15.64662,
				"IndexInFG": 6
             },
			 {
                "VNFId":0,
                "VNFType":6,
                "MappedSNodeId": 9,
                "OutPutBandwidth": 50,
                "NeedCPU":15.64662,
				"IndexInFG": 2
             }
 
          ]
       },
	   {
          "SFCId":4,
          "Source": -1,
          "Terminal": -1,
          "SFCReliability": 100,
          "VNFs":
          [
             {
                "VNFId":0,
                "VNFType":4,
                "MappedSNodeId": 5,
                "OutPutBandwidth": 50,
                "NeedCPU":15.64662,
				"IndexInFG": 4
             },
			 {
                "VNFId":0,
                "VNFType":6,
                "MappedSNodeId": 9,
                "OutPutBandwidth": 50,
                "NeedCPU":15.64662,
				"IndexInFG": 2
             },
			 {
                "VNFId":0,
                "VNFType":3,
                "MappedSNodeId": 11,
                "OutPutBandwidth": 50,
                "NeedCPU":15.64662,
				"IndexInFG": 3
             }
          ]
       },
	   {
          "SFCId":5,
          "Source": -1,
          "Terminal": -1,
          "SFCReliability": 100,
          "VNFs":
          [
             {
                "VNFId":0,
                "VNFType":6,
                "MappedSNodeId": 9,
                "OutPutBandwidth": 50,
                "NeedCPU":15.64662,
				"IndexInFG": 2
             },
			 {
                "VNFId":0,
                "VNFType":7,
                "MappedSNodeId": 12,
                "OutPutBandwidth": 50,
                "NeedCPU":15.64662,
				"IndexInFG": 7
             }
 
          ]
       }
    ]
 
 }