{"sNodes":[{"sNodeId":0,"supportVNFType":[2,4,7],"sNodeReliability":0.913,"cpu":93,"BelongDataCenter":1},{"sNodeId":1,"supportVNFType":[1,2,3],"sNodeReliability":0.955,"cpu":93,"BelongDataCenter":1},{"sNodeId":2,"supportVNFType":[7,2,3],"sNodeReliability":0.917,"cpu":93,"BelongDataCenter":1},{"sNodeId":3,"supportVNFType":[6,8,1],"sNodeReliability":0.991,"cpu":93,"BelongDataCenter":1},{"sNodeId":4,"supportVNFType":[6,4,7],"sNodeReliability":0.938,"cpu":93,"BelongDataCenter":1},{"sNodeId":5,"supportVNFType":[8,2,1],"sNodeReliability":0.967,"cpu":93,"BelongDataCenter":1},{"sNodeId":6,"supportVNFType":[6,2,0],"sNodeReliability":0.99,"cpu":93,"BelongDataCenter":1},{"sNodeId":7,"supportVNFType":[3,2,1],"sNodeReliability":0.946,"cpu":93,"BelongDataCenter":1},{"sNodeId":8,"supportVNFType":[6,8,2],"sNodeReliability":0.94,"cpu":93,"BelongDataCenter":1},{"sNodeId":9,"supportVNFType":[6,0,2],"sNodeReliability":0.989,"cpu":93,"BelongDataCenter":1},{"sNodeId":10,"supportVNFType":[3,7,2],"sNodeReliability":0.993,"cpu":93,"BelongDataCenter":1},{"sNodeId":11,"supportVNFType":[7,4,2],"sNodeReliability":0.939,"cpu":93,"BelongDataCenter":1},{"sNodeId":12,"supportVNFType":[2,8,6],"sNodeReliability":0.953,"cpu":93,"BelongDataCenter":1},{"sNodeId":13,"supportVNFType":[6,2,4],"sNodeReliability":0.924,"cpu":93,"BelongDataCenter":1},{"sNodeId":14,"supportVNFType":[2,0,6],"sNodeReliability":0.908,"cpu":93,"BelongDataCenter":1},{"sNodeId":15,"supportVNFType":[9,2,7],"sNodeReliability":0.997,"cpu":93,"BelongDataCenter":1},{"sNodeId":16,"supportVNFType":[4,2,0],"sNodeReliability":0.985,"cpu":93,"BelongDataCenter":1},{"sNodeId":17,"supportVNFType":[9,2,0],"sNodeReliability":0.925,"cpu":93,"BelongDataCenter":1},{"sNodeId":18,"supportVNFType":[6,2,0],"sNodeReliability":0.988,"cpu":93,"BelongDataCenter":1},{"sNodeId":19,"supportVNFType":[2,3,6],"sNodeReliability":0.978,"cpu":93,"BelongDataCenter":1},{"sNodeId":20,"supportVNFType":[1,9,4],"sNodeReliability":0.926,"cpu":93,"BelongDataCenter":1},{"sNodeId":21,"supportVNFType":[4,7,0],"sNodeReliability":0.968,"cpu":93,"BelongDataCenter":1},{"sNodeId":22,"supportVNFType":[2,0,5],"sNodeReliability":0.991,"cpu":93,"BelongDataCenter":1},{"sNodeId":23,"supportVNFType":[1,8,2],"sNodeReliability":0.973,"cpu":93,"BelongDataCenter":1},{"sNodeId":24,"supportVNFType":[3,2,8],"sNodeReliability":0.946,"cpu":93,"BelongDataCenter":1},{"sNodeId":25,"supportVNFType":[2,5,9],"sNodeReliability":0.989,"cpu":93,"BelongDataCenter":1},{"sNodeId":26,"supportVNFType":[7,6,4],"sNodeReliability":0.955,"cpu":93,"BelongDataCenter":1}],"sLinks":[{"sLinkId":0,"from":0,"to":1},{"sLinkId":0,"from":0,"to":2},{"sLinkId":0,"from":0,"to":3},{"sLinkId":0,"from":0,"to":21},{"sLinkId":0,"from":0,"to":22},{"sLinkId":0,"from":1,"to":0},{"sLinkId":0,"from":1,"to":2},{"sLinkId":0,"from":1,"to":3},{"sLinkId":0,"from":1,"to":4},{"sLinkId":0,"from":2,"to":0},{"sLinkId":0,"from":2,"to":1},{"sLinkId":0,"from":2,"to":3},{"sLinkId":0,"from":2,"to":20},{"sLinkId":0,"from":2,"to":21},{"sLinkId":0,"from":3,"to":0},{"sLinkId":0,"from":3,"to":1},{"sLinkId":0,"from":3,"to":2},{"sLinkId":0,"from":3,"to":4},{"sLinkId":0,"from":3,"to":6},{"sLinkId":0,"from":3,"to":20},{"sLinkId":0,"from":4,"to":1},{"sLinkId":0,"from":4,"to":3},{"sLinkId":0,"from":4,"to":5},{"sLinkId":0,"from":5,"to":4},{"sLinkId":0,"from":5,"to":6},{"sLinkId":0,"from":5,"to":9},{"sLinkId":0,"from":6,"to":3},{"sLinkId":0,"from":6,"to":5},{"sLinkId":0,"from":6,"to":7},{"sLinkId":0,"from":6,"to":8},{"sLinkId":0,"from":6,"to":19},{"sLinkId":0,"from":6,"to":20},{"sLinkId":0,"from":7,"to":6},{"sLinkId":0,"from":7,"to":10},{"sLinkId":0,"from":7,"to":18},{"sLinkId":0,"from":7,"to":19},{"sLinkId":0,"from":8,"to":6},{"sLinkId":0,"from":8,"to":9},{"sLinkId":0,"from":8,"to":10},{"sLinkId":0,"from":9,"to":5},{"sLinkId":0,"from":9,"to":8},{"sLinkId":0,"from":9,"to":11},{"sLinkId":0,"from":9,"to":12},{"sLinkId":0,"from":10,"to":7},{"sLinkId":0,"from":10,"to":8},{"sLinkId":0,"from":10,"to":11},{"sLinkId":0,"from":11,"to":9},{"sLinkId":0,"from":11,"to":10},{"sLinkId":0,"from":11,"to":12},{"sLinkId":0,"from":11,"to":13},{"sLinkId":0,"from":12,"to":9},{"sLinkId":0,"from":12,"to":11},{"sLinkId":0,"from":12,"to":13},{"sLinkId":0,"from":13,"to":11},{"sLinkId":0,"from":13,"to":12},{"sLinkId":0,"from":13,"to":14},{"sLinkId":0,"from":14,"to":13},{"sLinkId":0,"from":14,"to":15},{"sLinkId":0,"from":15,"to":14},{"sLinkId":0,"from":15,"to":16},{"sLinkId":0,"from":15,"to":18},{"sLinkId":0,"from":16,"to":15},{"sLinkId":0,"from":16,"to":17},{"sLinkId":0,"from":16,"to":18},{"sLinkId":0,"from":17,"to":16},{"sLinkId":0,"from":17,"to":18},{"sLinkId":0,"from":17,"to":19},{"sLinkId":0,"from":17,"to":26},{"sLinkId":0,"from":18,"to":7},{"sLinkId":0,"from":18,"to":15},{"sLinkId":0,"from":18,"to":16},{"sLinkId":0,"from":18,"to":17},{"sLinkId":0,"from":19,"to":6},{"sLinkId":0,"from":19,"to":7},{"sLinkId":0,"from":19,"to":17},{"sLinkId":0,"from":19,"to":20},{"sLinkId":0,"from":20,"to":2},{"sLinkId":0,"from":20,"to":3},{"sLinkId":0,"from":20,"to":6},{"sLinkId":0,"from":20,"to":19},{"sLinkId":0,"from":20,"to":21},{"sLinkId":0,"from":20,"to":26},{"sLinkId":0,"from":21,"to":0},{"sLinkId":0,"from":21,"to":2},{"sLinkId":0,"from":21,"to":20},{"sLinkId":0,"from":21,"to":22},{"sLinkId":0,"from":21,"to":23},{"sLinkId":0,"from":21,"to":24},{"sLinkId":0,"from":22,"to":0},{"sLinkId":0,"from":22,"to":21},{"sLinkId":0,"from":22,"to":23},{"sLinkId":0,"from":23,"to":21},{"sLinkId":0,"from":23,"to":22},{"sLinkId":0,"from":23,"to":24},{"sLinkId":0,"from":24,"to":21},{"sLinkId":0,"from":24,"to":23},{"sLinkId":0,"from":24,"to":25},{"sLinkId":0,"from":25,"to":24},{"sLinkId":0,"from":25,"to":26},{"sLinkId":0,"from":26,"to":17},{"sLinkId":0,"from":26,"to":20},{"sLinkId":0,"from":26,"to":25}]}